year,month,mean_temp,max_temp,min_temp,precipitation
1901,Jan,25.28,29.74,20.87,281.37
1901,Feb,25.21,29.77,20.7,252.74
1901,Mar,25.65,30.21,21.14,278.82
1901,Apr,25.74,30.37,21.16,257.9
1901,May,25.86,30.47,21.29,219.86
1901,Jun,25.19,29.84,20.58,196.78
1901,Jul,25.06,29.78,20.39,183.68
1901,Aug,24.88,29.74,20.07,153.73
1901,Sep,25.16,30.07,20.29,157.96
1901,Oct,25.6,30.59,20.67,199.58
1901,Nov,25.8,30.58,21.07,249.63
1901,Dec,25.34,29.87,20.87,275.11
1902,Jan,25.18,29.64,20.77,280.33
1902,Feb,25.18,29.74,20.67,270.4
1902,Mar,25.44,30.0,20.93,273.6
1902,Apr,25.67,30.3,21.08,245.76
1902,May,25.86,30.48,21.29,222.07
1902,Jun,25.2,29.85,20.6,159.56
1902,Jul,24.82,29.54,20.15,140.03
1902,Aug,24.94,29.8,20.13,162.85
1902,Sep,25.18,30.1,20.32,142.41
1902,Oct,25.65,30.64,20.71,171.4
1902,Nov,25.8,30.58,21.07,213.32
1902,Dec,25.5,30.03,21.03,274.35
1903,Jan,25.49,29.95,21.08,288.82
1903,Feb,25.31,29.87,20.8,270.31
1903,Mar,25.57,30.13,21.06,289.37
1903,Apr,25.65,30.28,21.06,257.64
1903,May,25.86,30.48,21.29,232.48
1903,Jun,25.19,29.84,20.59,181.07
1903,Jul,24.85,29.57,20.18,180.82
1903,Aug,24.94,29.8,20.13,182.79
1903,Sep,25.19,30.11,20.32,171.7
1903,Oct,25.42,30.4,20.48,199.34
1903,Nov,25.79,30.56,21.06,241.53
1903,Dec,25.26,29.78,20.78,290.97
1904,Jan,25.12,29.58,20.71,295.04
1904,Feb,25.1,29.66,20.59,246.24
1904,Mar,25.65,30.21,21.15,267.21
1904,Apr,25.51,30.14,20.93,265.4
1904,May,25.84,30.46,21.27,228.93
1904,Jun,25.41,30.06,20.8,179.98
1904,Jul,25.04,29.76,20.37,182.89
1904,Aug,24.79,29.65,19.97,160.97
1904,Sep,25.39,30.31,20.53,178.73
1904,Oct,25.37,30.35,20.43,229.01
1904,Nov,25.76,30.54,21.03,242.22
1904,Dec,25.33,29.86,20.86,302.03
1905,Jan,25.28,29.74,20.87,290.24
1905,Feb,25.25,29.8,20.73,271.85
1905,Mar,25.57,30.12,21.06,278.21
1905,Apr,25.6,30.23,21.02,274.44
1905,May,25.86,30.48,21.29,247.89
1905,Jun,25.37,30.02,20.77,164.74
1905,Jul,24.91,29.64,20.22,159.74
1905,Aug,24.88,29.75,20.07,157.34
1905,Sep,25.18,30.1,20.32,167.12
1905,Oct,25.69,30.67,20.76,197.44
1905,Nov,25.78,30.56,21.06,239.41
1905,Dec,25.58,30.11,21.1,243.77
1906,Jan,25.42,29.88,21.01,319.46
1906,Feb,25.55,30.11,21.04,237.67
1906,Mar,25.56,30.12,21.06,285.12
1906,Apr,25.77,30.4,21.19,265.95
1906,May,25.88,30.5,21.31,224.58
1906,Jun,25.28,29.93,20.68,205.26
1906,Jul,24.9,29.62,20.23,168.02
1906,Aug,24.91,29.77,20.09,208.23
1906,Sep,25.17,30.08,20.3,176.61
1906,Oct,25.41,30.4,20.48,224.17
1906,Nov,25.78,30.56,21.05,240.98
1906,Dec,25.33,29.85,20.85,306.89
1907,Jan,25.18,29.62,20.79,264.22
1907,Feb,25.2,29.71,20.73,263.78
1907,Mar,25.37,29.89,20.9,284.89
1907,Apr,25.61,30.21,21.05,247.55
1907,May,25.84,30.46,21.27,229.62
1907,Jun,25.17,29.82,20.57,190.46
1907,Jul,24.81,29.53,20.14,180.44
1907,Aug,24.83,29.69,20.02,151.1
1907,Sep,25.39,30.31,20.53,169.98
1907,Oct,25.49,30.46,20.57,200.2
1907,Nov,25.78,30.56,21.06,253.33
1907,Dec,25.35,29.88,20.87,306.5
1908,Jan,25.29,29.77,20.87,266.8
1908,Feb,25.3,29.88,20.77,261.46
1908,Mar,25.53,30.09,21.02,259.16
1908,Apr,25.7,30.32,21.13,249.7
1908,May,25.84,30.44,21.3,234.33
1908,Jun,25.13,29.79,20.53,190.32
1908,Jul,25.05,29.75,20.41,181.37
1908,Aug,24.91,29.78,20.1,177.16
1908,Sep,25.41,30.33,20.55,204.17
1908,Oct,25.43,30.42,20.49,216.29
1908,Nov,25.78,30.56,21.05,266.84
1908,Dec,25.4,29.92,20.92,293.64
1909,Jan,25.33,29.8,20.92,282.58
1909,Feb,25.32,29.89,20.81,296.05
1909,Mar,25.46,30.02,20.95,278.86
1909,Apr,25.68,30.29,21.12,267.26
1909,May,25.87,30.48,21.3,252.77
1909,Jun,25.46,30.12,20.86,227.31
1909,Jul,24.83,29.55,20.16,189.54
1909,Aug,24.99,29.85,20.18,211.78
1909,Sep,25.17,30.08,20.3,169.56
1909,Oct,25.47,30.46,20.54,251.17
1909,Nov,25.79,30.54,21.09,240.96
1909,Dec,25.35,29.86,20.89,270.31
1910,Jan,25.31,29.77,20.9,286.29
1910,Feb,25.34,29.9,20.83,293.61
1910,Mar,25.42,29.98,20.92,278.47
1910,Apr,25.57,30.19,21.0,266.12
1910,May,25.86,30.46,21.31,235.92
1910,Jun,25.2,29.85,20.6,230.25
1910,Jul,24.9,29.62,20.23,189.67
1910,Aug,24.92,29.75,20.13,219.16
1910,Sep,25.43,30.33,20.59,197.33
1910,Oct,25.38,30.36,20.45,222.18
1910,Nov,25.79,30.55,21.07,276.36
1910,Dec,25.37,29.91,20.89,301.99
1911,Jan,25.3,29.79,20.87,274.68
1911,Feb,25.47,30.04,20.94,216.97
1911,Mar,25.71,30.28,21.19,227.18
1911,Apr,25.85,30.47,21.28,242.83
1911,May,25.93,30.53,21.38,232.66
1911,Jun,25.38,30.02,20.8,161.62
1911,Jul,25.07,29.76,20.43,147.49
1911,Aug,25.0,29.84,20.21,137.33
1911,Sep,25.37,30.26,20.52,146.66
1911,Oct,25.61,30.58,20.69,199.89
1911,Nov,26.11,30.88,21.39,248.32
1911,Dec,25.7,30.23,21.22,308.98
1912,Jan,25.58,30.05,21.17,267.8
1912,Feb,25.62,30.19,21.1,296.08
1912,Mar,25.79,30.35,21.29,265.98
1912,Apr,26.03,30.65,21.46,236.29
1912,May,25.95,30.56,21.38,244.63
1912,Jun,25.36,29.99,20.79,196.22
1912,Jul,25.01,29.73,20.34,167.48
1912,Aug,25.13,29.96,20.35,149.22
1912,Sep,25.39,30.27,20.55,150.7
1912,Oct,25.67,30.64,20.75,198.8
1912,Nov,25.98,30.75,21.26,256.89
1912,Dec,25.67,30.2,21.19,285.31
1913,Jan,25.46,29.95,21.03,300.31
1913,Feb,25.57,30.15,21.04,248.06
1913,Mar,25.73,30.29,21.22,305.59
1913,Apr,25.72,30.34,21.14,276.81
1913,May,25.92,30.54,21.35,240.28
1913,Jun,25.25,29.9,20.65,187.08
1913,Jul,25.03,29.73,20.38,157.9
1913,Aug,25.1,29.94,20.32,140.83
1913,Sep,25.38,30.27,20.53,153.76
1913,Oct,25.78,30.77,20.84,182.55
1913,Nov,26.05,30.82,21.32,226.04
1913,Dec,25.71,30.26,21.22,292.74
1914,Jan,25.49,29.95,21.09,304.31
1914,Feb,25.64,30.2,21.13,234.46
1914,Mar,25.74,30.3,21.23,268.87
1914,Apr,25.87,30.5,21.28,264.85
1914,May,26.19,30.81,21.62,208.25
1914,Jun,25.33,29.98,20.73,173.04
1914,Jul,25.04,29.76,20.37,103.4
1914,Aug,25.17,30.03,20.36,128.01
1914,Sep,25.44,30.35,20.57,111.5
1914,Oct,25.88,30.86,20.94,157.28
1914,Nov,26.12,30.9,21.4,217.7
1914,Dec,25.86,30.39,21.37,269.86
1915,Jan,25.41,29.88,20.99,292.76
1915,Feb,25.46,30.03,20.93,234.3
1915,Mar,25.76,30.33,21.24,263.66
1915,Apr,25.91,30.54,21.34,261.39
1915,May,25.93,30.54,21.37,246.93
1915,Jun,25.55,30.18,20.97,180.35
1915,Jul,25.09,29.81,20.42,149.19
1915,Aug,25.3,30.17,20.49,173.47
1915,Sep,25.44,30.36,20.58,182.62
1915,Oct,25.79,30.76,20.87,205.12
1915,Nov,26.12,30.91,21.38,286.78
1915,Dec,25.64,30.17,21.15,284.55
1916,Jan,25.12,29.61,20.69,265.18
1916,Feb,25.35,29.94,20.81,228.92
1916,Mar,25.61,30.18,21.1,312.27
1916,Apr,25.8,30.45,21.2,247.45
1916,May,25.71,30.33,21.15,227.23
1916,Jun,25.23,29.87,20.64,178.36
1916,Jul,24.89,29.58,20.25,247.15
1916,Aug,25.03,29.88,20.24,229.18
1916,Sep,25.4,30.3,20.55,192.77
1916,Oct,25.77,30.76,20.84,259.21
1916,Nov,26.06,30.85,21.32,254.72
1916,Dec,25.53,30.07,21.05,287.22
1917,Jan,25.09,29.57,20.67,321.99
1917,Feb,25.13,29.7,20.61,292.16
1917,Mar,25.39,29.95,20.88,305.29
1917,Apr,25.63,30.25,21.05,245.44
1917,May,25.53,30.13,20.97,230.39
1917,Jun,25.23,29.86,20.64,191.58
1917,Jul,25.05,29.77,20.38,179.58
1917,Aug,25.05,29.9,20.26,236.96
1917,Sep,25.51,30.42,20.64,194.78
1917,Oct,25.89,30.88,20.96,246.68
1917,Nov,26.07,30.85,21.33,238.67
1917,Dec,25.7,30.24,21.2,293.24
1918,Jan,24.79,29.25,20.38,329.39
1918,Feb,24.78,29.35,20.27,234.2
1918,Mar,25.38,29.94,20.87,237.46
1918,Apr,25.7,30.34,21.12,255.56
1918,May,25.73,30.33,21.17,232.61
1918,Jun,25.15,29.79,20.56,180.56
1918,Jul,24.91,29.63,20.25,115.07
1918,Aug,25.02,29.89,20.21,140.1
1918,Sep,25.35,30.26,20.48,138.71
1918,Oct,25.71,30.7,20.78,183.33
1918,Nov,26.07,30.85,21.35,244.23
1918,Dec,25.5,30.03,21.03,278.78
1919,Jan,25.54,30.01,21.13,279.36
1919,Feb,25.67,30.23,21.15,260.44
1919,Mar,25.81,30.37,21.3,269.01
1919,Apr,25.87,30.5,21.29,251.46
1919,May,25.92,30.52,21.37,247.3
1919,Jun,25.36,30.0,20.77,144.5
1919,Jul,24.8,29.49,20.16,161.94
1919,Aug,25.02,29.88,20.21,122.21
1919,Sep,25.38,30.27,20.54,169.79
1919,Oct,25.73,30.7,20.82,161.05
1919,Nov,26.0,30.75,21.3,235.7
1919,Dec,25.58,30.09,21.13,286.65
1920,Jan,25.22,29.67,20.82,308.59
1920,Feb,25.31,29.86,20.8,231.81
1920,Mar,25.7,30.25,21.2,273.12
1920,Apr,25.78,30.38,21.22,292.84
1920,May,25.94,30.56,21.37,207.7
1920,Jun,25.46,30.11,20.86,182.84
1920,Jul,25.15,29.87,20.48,134.55
1920,Aug,25.08,29.94,20.27,190.85
1920,Sep,25.61,30.53,20.74,178.17
1920,Oct,25.93,30.92,21.0,235.23
1920,Nov,26.14,30.88,21.44,243.97
1920,Dec,25.42,29.93,20.96,239.03
1921,Jan,25.41,29.85,21.01,299.06
1921,Feb,25.35,29.9,20.84,293.85
1921,Mar,25.47,30.02,20.98,311.11
1921,Apr,25.68,30.28,21.12,243.06
1921,May,25.59,30.21,21.02,226.64
1921,Jun,25.21,29.83,20.64,184.16
1921,Jul,25.0,29.72,20.33,174.81
1921,Aug,25.16,29.99,20.37,157.59
1921,Sep,25.39,30.31,20.52,187.28
1921,Oct,25.6,30.56,20.69,237.24
1921,Nov,25.93,30.7,21.21,246.78
1921,Dec,25.57,30.08,21.11,266.17
1922,Jan,25.49,29.94,21.08,294.32
1922,Feb,25.26,29.83,20.75,233.71
1922,Mar,25.41,29.95,20.92,291.11
1922,Apr,25.62,30.22,21.07,272.93
1922,May,25.57,30.19,21.0,242.52
1922,Jun,25.25,29.9,20.65,170.52
1922,Jul,25.0,29.72,20.33,148.07
1922,Aug,24.93,29.76,20.16,163.03
1922,Sep,25.4,30.29,20.56,147.18
1922,Oct,25.63,30.62,20.69,233.14
1922,Nov,26.14,30.9,21.43,233.12
1922,Dec,25.74,30.27,21.26,260.89
1923,Jan,25.36,29.82,20.96,299.14
1923,Feb,25.47,30.03,20.96,247.21
1923,Mar,25.49,30.03,21.01,255.32
1923,Apr,25.89,30.52,21.31,238.45
1923,May,25.78,30.4,21.21,226.93
1923,Jun,25.36,29.98,20.78,168.81
1923,Jul,24.77,29.49,20.1,197.51
1923,Aug,24.73,29.57,19.95,125.7
1923,Sep,25.15,30.06,20.28,132.61
1923,Oct,25.78,30.73,20.87,196.28
1923,Nov,26.01,30.76,21.3,226.52
1923,Dec,25.63,30.15,21.17,280.84
1924,Jan,25.62,30.01,21.28,285.08
1924,Feb,25.49,30.0,21.03,279.22
1924,Mar,25.59,30.08,21.16,328.59
1924,Apr,25.76,30.39,21.18,270.59
1924,May,25.87,30.47,21.33,274.85
1924,Jun,25.35,30.0,20.77,198.31
1924,Jul,25.1,29.8,20.46,154.57
1924,Aug,25.26,30.1,20.47,156.37
1924,Sep,25.35,30.24,20.51,175.49
1924,Oct,25.44,30.39,20.54,225.47
1924,Nov,25.84,30.57,21.15,273.19
1924,Dec,25.45,29.97,20.98,265.43
1925,Jan,25.34,29.83,20.9,300.23
1925,Feb,25.08,29.63,20.57,276.24
1925,Mar,25.29,29.83,20.81,273.65
1925,Apr,25.72,30.33,21.15,262.76
1925,May,25.86,30.53,21.23,194.39
1925,Jun,25.39,30.06,20.78,176.26
1925,Jul,25.0,29.72,20.33,130.72
1925,Aug,25.15,30.08,20.27,137.13
1925,Sep,25.43,30.4,20.5,169.01
1925,Oct,25.67,30.66,20.74,186.55
1925,Nov,25.92,30.74,21.16,237.45
1925,Dec,25.61,30.16,21.11,302.64
1926,Jan,25.3,29.75,20.91,285.73
1926,Feb,25.55,30.19,20.96,252.69
1926,Mar,25.7,30.36,21.08,271.38
1926,Apr,26.13,30.79,21.52,263.66
1926,May,26.08,30.7,21.51,252.91
1926,Jun,25.49,30.13,20.89,166.09
1926,Jul,25.08,29.86,20.36,144.18
1926,Aug,25.27,30.19,20.41,146.89
1926,Sep,25.42,30.38,20.5,162.49
1926,Oct,25.73,30.73,20.78,196.52
1926,Nov,25.97,30.79,21.19,238.02
1926,Dec,25.64,30.15,21.18,297.05
1927,Jan,25.34,29.78,20.95,280.88
1927,Feb,25.51,30.1,20.96,245.86
1927,Mar,25.72,30.29,21.21,304.06
1927,Apr,25.83,30.44,21.26,280.09
1927,May,25.86,30.54,21.24,230.12
1927,Jun,25.39,30.08,20.75,175.84
1927,Jul,25.1,29.82,20.43,146.29
1927,Aug,25.18,30.06,20.35,152.44
1927,Sep,25.4,30.35,20.49,183.01
1927,Oct,25.63,30.62,20.68,196.36
1927,Nov,25.9,30.72,21.14,260.02
1927,Dec,25.69,30.26,21.18,287.85
1928,Jan,25.57,30.09,21.11,287.01
1928,Feb,25.52,30.04,21.05,289.0
1928,Mar,25.58,30.15,21.06,294.15
1928,Apr,25.83,30.48,21.23,258.89
1928,May,25.95,30.61,21.34,206.35
1928,Jun,25.36,30.03,20.73,152.34
1928,Jul,25.03,29.81,20.3,156.56
1928,Aug,25.13,30.02,20.29,172.2
1928,Sep,25.41,30.38,20.49,130.05
1928,Oct,25.7,30.72,20.74,225.34
1928,Nov,25.88,30.68,21.13,250.67
1928,Dec,25.68,30.2,21.21,304.91
1929,Jan,25.31,29.83,20.84,260.86
1929,Feb,25.33,29.87,20.84,256.02
1929,Mar,25.33,29.85,20.85,305.23
1929,Apr,25.81,30.47,21.2,245.08
1929,May,25.7,30.34,21.11,207.97
1929,Jun,25.19,29.85,20.58,183.21
1929,Jul,24.89,29.61,20.22,124.03
1929,Aug,25.05,29.92,20.23,154.72
1929,Sep,25.39,30.32,20.51,169.65
1929,Oct,25.7,30.72,20.72,196.22
1929,Nov,25.8,30.59,21.06,238.67
1929,Dec,25.51,30.08,21.0,270.42
1930,Jan,25.5,30.03,21.03,257.74
1930,Feb,25.39,30.04,20.79,225.36
1930,Mar,25.59,30.15,21.07,304.63
1930,Apr,25.75,30.43,21.12,265.38
1930,May,25.89,30.49,21.34,239.13
1930,Jun,25.25,29.93,20.63,182.68
1930,Jul,25.12,29.86,20.43,113.69
1930,Aug,25.37,30.26,20.54,125.53
1930,Sep,25.45,30.37,20.57,125.08
1930,Oct,25.74,30.73,20.8,238.99
1930,Nov,25.94,30.71,21.22,228.31
1930,Dec,25.74,30.31,21.21,300.54
1931,Jan,25.71,30.17,21.3,315.51
1931,Feb,25.76,30.4,21.16,247.04
1931,Mar,25.84,30.46,21.28,294.04
1931,Apr,25.96,30.6,21.36,282.84
1931,May,26.03,30.68,21.42,251.28
1931,Jun,25.55,30.18,20.98,207.69
1931,Jul,25.07,29.81,20.39,182.54
1931,Aug,25.44,30.3,20.63,152.14
1931,Sep,25.45,30.39,20.55,213.08
1931,Oct,25.72,30.7,20.78,224.79
1931,Nov,25.94,30.73,21.19,242.7
1931,Dec,25.54,30.05,21.07,293.38
1932,Jan,25.36,29.83,20.94,281.72
1932,Feb,25.4,30.02,20.83,248.64
1932,Mar,25.46,30.01,20.95,321.81
1932,Apr,25.74,30.37,21.15,293.21
1932,May,25.8,30.44,21.21,259.54
1932,Jun,25.21,29.88,20.59,211.54
1932,Jul,24.99,29.74,20.3,158.59
1932,Aug,25.07,29.97,20.23,179.24
1932,Sep,25.37,30.29,20.51,148.97
1932,Oct,25.78,30.76,20.86,243.02
1932,Nov,25.79,30.56,21.06,243.34
1932,Dec,25.62,30.18,21.1,301.7
1933,Jan,25.56,29.99,21.19,309.99
1933,Feb,25.3,29.93,20.72,238.73
1933,Mar,25.5,30.04,21.01,301.63
1933,Apr,25.74,30.36,21.17,254.28
1933,May,25.94,30.6,21.34,246.6
1933,Jun,25.4,30.05,20.79,187.37
1933,Jul,25.01,29.7,20.38,169.75
1933,Aug,25.38,30.25,20.56,216.86
1933,Sep,25.26,30.18,20.38,198.56
1933,Oct,25.62,30.59,20.71,229.79
1933,Nov,25.74,30.52,21.0,260.85
1933,Dec,25.45,30.04,20.9,265.09
1934,Jan,25.18,29.63,20.78,318.66
1934,Feb,25.09,29.66,20.57,238.64
1934,Mar,25.23,29.76,20.74,293.24
1934,Apr,25.61,30.23,21.04,285.27
1934,May,25.77,30.39,21.21,197.0
1934,Jun,25.3,29.92,20.73,208.15
1934,Jul,25.08,29.8,20.41,195.8
1934,Aug,25.11,29.98,20.29,175.22
1934,Sep,25.36,30.28,20.5,149.35
1934,Oct,25.69,30.64,20.79,216.68
1934,Nov,25.91,30.68,21.18,279.32
1934,Dec,25.63,30.21,21.1,256.22
1935,Jan,25.5,30.02,21.02,268.0
1935,Feb,25.6,30.23,21.02,247.57
1935,Mar,25.75,30.3,21.24,282.98
1935,Apr,25.72,30.36,21.12,269.76
1935,May,25.74,30.34,21.19,239.52
1935,Jun,25.17,29.81,20.58,178.06
1935,Jul,24.98,29.67,20.33,139.88
1935,Aug,24.98,29.81,20.21,162.32
1935,Sep,25.48,30.37,20.63,130.89
1935,Oct,25.74,30.69,20.84,259.95
1935,Nov,25.94,30.7,21.24,263.6
1935,Dec,25.72,30.29,21.21,271.11
1936,Jan,25.48,29.93,21.08,311.28
1936,Feb,25.65,30.28,21.06,238.78
1936,Mar,25.65,30.19,21.16,298.29
1936,Apr,25.78,30.39,21.22,276.33
1936,May,25.93,30.52,21.39,255.4
1936,Jun,25.32,29.94,20.74,193.42
1936,Jul,25.06,29.76,20.41,167.21
1936,Aug,25.12,29.98,20.3,165.1
1936,Sep,25.44,30.33,20.6,170.9
1936,Oct,25.6,30.57,20.68,228.88
1936,Nov,25.89,30.64,21.19,260.81
1936,Dec,25.74,30.29,21.23,261.17
1937,Jan,25.44,29.93,21.0,278.2
1937,Feb,25.63,30.22,21.09,245.71
1937,Mar,25.85,30.43,21.32,261.36
1937,Apr,25.82,30.38,21.31,322.65
1937,May,25.68,30.31,21.11,244.8
1937,Jun,25.33,29.97,20.75,193.82
1937,Jul,24.98,29.67,20.33,187.57
1937,Aug,25.15,30.01,20.34,156.9
1937,Sep,25.42,30.35,20.54,188.6
1937,Oct,25.66,30.62,20.74,204.66
1937,Nov,25.95,30.72,21.22,231.28
1937,Dec,25.64,30.14,21.19,294.71
1938,Jan,25.56,30.02,21.16,285.28
1938,Feb,25.68,30.25,21.16,234.9
1938,Mar,25.65,30.16,21.2,315.37
1938,Apr,25.86,30.47,21.3,252.21
1938,May,25.79,30.4,21.23,259.31
1938,Jun,25.31,29.98,20.69,175.01
1938,Jul,24.99,29.74,20.29,180.46
1938,Aug,24.95,29.8,20.14,199.44
1938,Sep,25.41,30.32,20.56,160.3
1938,Oct,25.76,30.74,20.82,189.49
1938,Nov,25.91,30.66,21.2,264.25
1938,Dec,25.65,30.19,21.17,292.62
1939,Jan,25.57,29.99,21.21,292.06
1939,Feb,25.5,30.03,21.0,231.12
1939,Mar,25.6,30.16,21.08,239.51
1939,Apr,25.82,30.43,21.26,282.47
1939,May,25.71,30.34,21.13,247.54
1939,Jun,25.16,29.81,20.56,217.56
1939,Jul,25.11,29.86,20.4,169.98
1939,Aug,25.13,30.0,20.31,162.06
1939,Sep,25.29,30.17,20.46,179.92
1939,Oct,25.6,30.54,20.72,206.53
1939,Nov,25.93,30.71,21.2,218.13
1939,Dec,25.66,30.15,21.22,278.08
1940,Jan,25.48,29.95,21.07,269.12
1940,Feb,25.4,30.0,20.85,246.05
1940,Mar,25.63,30.21,21.11,262.41
1940,Apr,25.78,30.43,21.18,265.55
1940,May,25.55,30.14,21.0,261.76
1940,Jun,25.32,29.94,20.76,175.9
1940,Jul,25.18,29.94,20.46,123.7
1940,Aug,24.95,29.79,20.16,154.26
1940,Sep,25.49,30.4,20.64,139.48
1940,Oct,25.97,30.94,21.05,163.84
1940,Nov,26.04,30.8,21.32,208.1
1940,Dec,25.84,30.43,21.3,280.99
1941,Jan,25.85,30.38,21.37,282.83
1941,Feb,25.88,30.51,21.31,252.8
1941,Mar,26.09,30.66,21.57,287.95
1941,Apr,26.26,30.88,21.69,271.97
1941,May,26.21,30.79,21.68,256.14
1941,Jun,25.77,30.52,21.07,155.21
1941,Jul,25.17,29.95,20.44,134.63
1941,Aug,25.22,30.11,20.39,139.24
1941,Sep,25.53,30.46,20.65,156.47
1941,Oct,26.08,31.06,21.14,179.16
1941,Nov,25.97,30.73,21.26,255.87
1941,Dec,25.82,30.33,21.36,299.6
1942,Jan,25.56,30.02,21.15,279.19
1942,Feb,25.62,30.17,21.11,244.45
1942,Mar,25.8,30.35,21.3,276.84
1942,Apr,25.85,30.46,21.28,278.13
1942,May,25.93,30.53,21.38,230.14
1942,Jun,25.53,30.18,20.93,183.56
1942,Jul,24.88,29.59,20.21,167.04
1942,Aug,25.06,29.92,20.26,170.34
1942,Sep,25.41,30.31,20.56,172.53
1942,Oct,25.68,30.66,20.76,229.44
1942,Nov,25.77,30.55,21.04,252.54
1942,Dec,25.59,30.11,21.11,291.07
1943,Jan,25.21,29.67,20.8,281.62
1943,Feb,25.3,29.88,20.77,269.6
1943,Mar,25.45,30.01,20.94,306.44
1943,Apr,25.67,30.31,21.08,262.44
1943,May,25.81,30.43,21.23,225.23
1943,Jun,25.19,29.85,20.58,176.74
1943,Jul,24.85,29.59,20.17,170.4
1943,Aug,24.97,29.86,20.14,171.95
1943,Sep,25.3,30.23,20.42,170.07
1943,Oct,25.55,30.54,20.61,219.82
1943,Nov,25.76,30.54,21.03,255.58
1943,Dec,25.5,30.02,21.03,273.5
1944,Jan,25.43,29.89,21.01,267.65
1944,Feb,25.42,29.98,20.9,266.31
1944,Mar,25.6,30.16,21.09,276.29
1944,Apr,25.66,30.3,21.08,255.93
1944,May,25.62,30.25,21.04,232.18
1944,Jun,25.25,29.91,20.63,175.46
1944,Jul,24.8,29.52,20.13,149.56
1944,Aug,24.95,29.82,20.14,152.0
1944,Sep,25.34,30.26,20.48,170.57
1944,Oct,25.73,30.72,20.8,194.23
1944,Nov,25.76,30.55,21.02,241.07
1944,Dec,25.57,30.09,21.1,268.03
1945,Jan,25.54,30.0,21.13,277.03
1945,Feb,25.51,30.07,21.0,270.77
1945,Mar,25.59,30.14,21.08,294.8
1945,Apr,25.76,30.39,21.17,260.71
1945,May,25.73,30.35,21.15,224.74
1945,Jun,25.14,29.79,20.54,167.85
1945,Jul,24.8,29.52,20.12,161.53
1945,Aug,25.07,29.93,20.26,167.14
1945,Sep,25.32,30.24,20.45,181.84
1945,Oct,25.59,30.57,20.66,220.64
1945,Nov,25.74,30.53,21.0,241.57
1945,Dec,25.56,30.09,21.08,281.26
1946,Jan,25.65,30.1,21.26,284.25
1946,Feb,25.39,29.91,20.91,257.28
1946,Mar,25.67,30.19,21.19,281.67
1946,Apr,25.79,30.39,21.24,258.57
1946,May,25.62,30.21,21.07,212.57
1946,Jun,25.42,30.06,20.83,167.96
1946,Jul,25.25,29.97,20.57,152.11
1946,Aug,25.46,30.32,20.65,157.25
1946,Sep,25.32,30.22,20.46,173.86
1946,Oct,25.76,30.75,20.82,190.43
1946,Nov,25.77,30.55,21.04,232.31
1946,Dec,25.66,30.2,21.18,280.58
1947,Jan,25.73,30.2,21.31,275.63
1947,Feb,25.68,30.22,21.19,266.26
1947,Mar,25.64,30.13,21.2,307.53
1947,Apr,25.63,30.21,21.09,279.44
1947,May,25.87,30.46,21.33,204.76
1947,Jun,25.48,30.1,20.92,169.0
1947,Jul,25.04,29.76,20.37,175.27
1947,Aug,25.15,29.99,20.37,200.22
1947,Sep,25.39,30.3,20.53,197.1
1947,Oct,25.7,30.67,20.78,209.62
1947,Nov,25.79,30.57,21.05,226.95
1947,Dec,25.75,30.24,21.32,305.51
1948,Jan,24.93,29.35,20.57,295.15
1948,Feb,25.55,30.08,21.07,282.58
1948,Mar,25.78,30.32,21.3,327.42
1948,Apr,26.01,30.66,21.41,244.99
1948,May,26.08,30.71,21.5,227.32
1948,Jun,25.67,30.32,21.07,174.58
1948,Jul,25.13,29.85,20.47,177.19
1948,Aug,25.15,30.0,20.35,169.6
1948,Sep,25.5,30.43,20.61,176.02
1948,Oct,25.95,30.96,20.99,175.72
1948,Nov,25.89,30.64,21.18,263.55
1948,Dec,25.83,30.41,21.3,258.79
1949,Jan,25.68,30.18,21.24,280.91
1949,Feb,25.65,30.18,21.17,255.8
1949,Mar,25.68,30.25,21.15,254.18
1949,Apr,25.71,30.31,21.15,277.36
1949,May,25.67,30.27,21.12,239.66
1949,Jun,25.24,29.86,20.66,201.26
1949,Jul,24.89,29.59,20.24,186.63
1949,Aug,25.05,29.91,20.24,160.47
1949,Sep,25.35,30.27,20.48,181.27
1949,Oct,25.76,30.73,20.83,217.82
1949,Nov,25.85,30.65,21.09,233.76
1949,Dec,25.71,30.3,21.17,285.92
1950,Jan,25.72,30.24,21.26,278.25
1950,Feb,25.44,30.01,20.91,251.81
1950,Mar,25.9,30.47,21.39,258.26
1950,Apr,25.76,30.37,21.2,292.96
1950,May,25.8,30.38,21.26,237.31
1950,Jun,25.54,30.19,20.94,192.97
1950,Jul,24.94,29.72,20.21,157.57
1950,Aug,24.99,29.84,20.18,208.99
1950,Sep,25.42,30.35,20.53,185.77
1950,Oct,25.55,30.52,20.64,241.79
1950,Nov,25.6,30.4,20.86,268.71
1950,Dec,25.35,29.93,20.82,269.2
1951,Jan,25.25,29.75,20.81,295.25
1951,Feb,25.2,29.74,20.71,301.89
1951,Mar,25.63,30.22,21.08,240.69
1951,Apr,25.83,30.47,21.24,234.61
1951,May,25.6,30.23,21.02,230.53
1951,Jun,25.57,30.23,20.96,184.19
1951,Jul,24.81,29.51,20.17,187.79
1951,Aug,25.09,30.01,20.22,152.87
1951,Sep,25.43,30.31,20.61,177.08
1951,Oct,25.77,30.73,20.85,184.17
1951,Nov,26.25,31.07,21.48,192.89
1951,Dec,25.75,30.29,21.26,267.51
1952,Jan,25.69,30.14,21.3,292.97
1952,Feb,25.77,30.28,21.3,327.35
1952,Mar,25.45,30.04,20.91,336.63
1952,Apr,25.92,30.56,21.33,250.71
1952,May,25.73,30.3,21.21,223.62
1952,Jun,25.4,30.07,20.78,173.34
1952,Jul,24.99,29.71,20.32,165.09
1952,Aug,25.02,29.89,20.21,174.81
1952,Sep,25.44,30.4,20.54,179.9
1952,Oct,25.68,30.66,20.74,237.15
1952,Nov,25.37,30.14,20.64,276.26
1952,Dec,25.48,30.07,20.95,291.22
1953,Jan,25.49,30.01,21.03,274.85
1953,Feb,25.36,29.94,20.84,249.42
1953,Mar,25.7,30.3,21.15,303.01
1953,Apr,25.87,30.51,21.28,288.26
1953,May,25.61,30.24,21.02,278.94
1953,Jun,25.56,30.21,20.96,161.49
1953,Jul,24.8,29.52,20.13,192.83
1953,Aug,25.07,30.08,20.12,138.45
1953,Sep,25.47,30.4,20.59,158.66
1953,Oct,26.0,31.03,21.02,196.15
1953,Nov,25.75,30.58,20.96,258.16
1953,Dec,25.87,30.49,21.3,272.23
1954,Jan,25.67,30.23,21.16,300.91
1954,Feb,25.57,30.22,20.97,259.31
1954,Mar,25.72,30.34,21.13,312.2
1954,Apr,25.92,30.58,21.32,304.55
1954,May,25.82,30.49,21.2,247.11
1954,Jun,25.33,29.98,20.74,212.92
1954,Jul,24.9,29.65,20.19,197.1
1954,Aug,24.98,29.89,20.13,224.34
1954,Sep,25.36,30.3,20.47,193.47
1954,Oct,25.28,30.3,20.31,263.83
1954,Nov,25.16,30.0,20.38,271.36
1954,Dec,25.4,29.96,20.89,291.56
1955,Jan,25.4,29.9,20.96,294.83
1955,Feb,25.33,29.92,20.79,271.97
1955,Mar,25.52,30.19,20.89,267.71
1955,Apr,25.69,30.37,21.06,292.69
1955,May,25.93,30.59,21.33,242.97
1955,Jun,25.29,29.99,20.65,212.4
1955,Jul,24.82,29.58,20.12,233.61
1955,Aug,24.93,29.76,20.16,232.92
1955,Sep,25.33,30.24,20.47,216.05
1955,Oct,25.64,30.68,20.65,256.96
1955,Nov,25.3,30.1,20.55,279.7
1955,Dec,25.41,29.97,20.89,302.76
1956,Jan,25.04,29.56,20.58,297.09
1956,Feb,25.37,29.97,20.82,241.65
1956,Mar,25.54,30.14,20.99,246.85
1956,Apr,25.86,30.55,21.22,246.93
1956,May,25.64,30.28,21.05,239.27
1956,Jun,25.15,29.83,20.53,208.18
1956,Jul,24.77,29.5,20.1,190.65
1956,Aug,24.93,29.78,20.13,232.06
1956,Sep,25.12,30.05,20.24,177.8
1956,Oct,25.42,30.38,20.52,247.86
1956,Nov,25.47,30.2,20.78,286.04
1956,Dec,25.09,29.58,20.65,295.52
1957,Jan,25.25,29.75,20.8,248.49
1957,Feb,25.26,29.89,20.68,245.17
1957,Mar,25.51,30.07,20.99,282.37
1957,Apr,26.02,30.66,21.42,234.18
1957,May,25.79,30.36,21.27,214.08
1957,Jun,25.61,30.27,20.99,160.06
1957,Jul,25.07,29.8,20.38,218.99
1957,Aug,25.12,30.0,20.3,173.52
1957,Sep,25.24,30.17,20.37,148.82
1957,Oct,25.9,30.91,20.94,155.42
1957,Nov,25.98,30.79,21.21,204.16
1957,Dec,25.67,30.16,21.24,353.07
1958,Jan,25.9,30.42,21.43,264.31
1958,Feb,25.65,30.24,21.11,264.97
1958,Mar,26.0,30.58,21.46,283.78
1958,Apr,26.26,30.96,21.6,254.1
1958,May,26.22,30.81,21.69,250.9
1958,Jun,25.75,30.4,21.15,194.12
1958,Jul,25.2,30.0,20.46,133.49
1958,Aug,25.14,29.95,20.37,235.32
1958,Sep,25.49,30.44,20.59,145.76
1958,Oct,25.74,30.7,20.82,232.53
1958,Nov,25.45,30.18,20.77,259.38
1958,Dec,25.51,30.05,21.03,281.89
1959,Jan,25.43,29.83,21.07,251.3
1959,Feb,25.72,30.34,21.16,243.52
1959,Mar,25.57,30.12,21.06,322.45
1959,Apr,25.73,30.35,21.17,306.56
1959,May,25.94,30.44,21.49,276.41
1959,Jun,25.24,29.74,20.79,223.37
1959,Jul,24.85,29.56,20.19,168.81
1959,Aug,24.86,29.69,20.08,134.55
1959,Sep,25.24,30.15,20.38,156.37
1959,Oct,25.81,30.78,20.9,182.13
1959,Nov,25.9,30.58,21.26,220.34
1959,Dec,25.58,30.17,21.04,300.25
1960,Jan,25.35,29.74,21.02,291.1
1960,Feb,25.39,29.85,20.98,288.84
1960,Mar,25.59,30.27,20.96,242.79
1960,Apr,25.8,30.34,21.31,252.95
1960,May,25.73,30.33,21.18,236.01
1960,Jun,25.28,29.93,20.68,173.83
1960,Jul,24.94,29.55,20.38,226.87
1960,Aug,25.33,30.18,20.53,157.05
1960,Sep,25.43,30.34,20.56,201.06
1960,Oct,25.89,30.9,20.93,167.64
1960,Nov,25.75,30.41,21.15,260.07
1960,Dec,25.77,30.32,21.27,281.53
1961,Jan,25.24,29.65,20.89,287.25
1961,Feb,25.55,30.01,21.16,274.11
1961,Mar,25.79,30.31,21.31,273.23
1961,Apr,25.85,30.38,21.37,276.05
1961,May,25.75,30.31,21.24,226.18
1961,Jun,25.03,29.69,20.43,172.35
1961,Jul,24.72,29.54,19.96,133.91
1961,Aug,24.79,29.71,19.91,118.16
1961,Sep,25.04,30.11,20.02,130.77
1961,Oct,25.53,30.61,20.51,128.04
1961,Nov,25.7,30.52,20.93,203.9
1961,Dec,25.68,30.19,21.23,262.67
1962,Jan,25.18,29.46,20.96,348.54
1962,Feb,25.1,29.48,20.77,254.61
1962,Mar,25.34,29.77,20.96,319.14
1962,Apr,25.62,30.16,21.11,296.39
1962,May,25.65,30.21,21.13,227.81
1962,Jun,25.23,29.88,20.63,215.48
1962,Jul,25.08,29.72,20.5,148.53
1962,Aug,24.75,29.49,20.06,192.9
1962,Sep,25.25,30.09,20.45,173.69
1962,Oct,25.8,30.57,21.09,221.2
1962,Nov,25.87,30.47,21.31,252.54
1962,Dec,25.5,29.89,21.15,305.17
1963,Jan,24.88,29.01,20.8,347.4
1963,Feb,25.1,29.45,20.79,286.5
1963,Mar,25.35,29.78,20.98,271.47
1963,Apr,25.87,30.61,21.17,195.88
1963,May,25.78,30.3,21.31,201.07
1963,Jun,25.47,30.22,20.78,119.85
1963,Jul,24.87,29.64,20.16,123.82
1963,Aug,24.81,29.69,19.99,151.49
1963,Sep,25.35,30.31,20.43,128.18
1963,Oct,25.79,30.78,20.84,149.07
1963,Nov,26.06,30.86,21.31,191.16
1963,Dec,25.8,30.39,21.26,255.31
1964,Jan,25.85,30.37,21.37,262.6
1964,Feb,25.73,30.15,21.36,291.41
1964,Mar,25.62,30.02,21.26,302.06
1964,Apr,25.92,30.37,21.51,286.7
1964,May,25.88,30.39,21.42,225.82
1964,Jun,25.24,29.87,20.66,164.27
1964,Jul,24.84,29.44,20.28,210.77
1964,Aug,24.94,29.81,20.11,179.44
1964,Sep,25.38,30.14,20.68,216.54
1964,Oct,25.33,30.19,20.51,266.83
1964,Nov,25.31,29.91,20.76,289.39
1964,Dec,25.18,29.74,20.67,256.36
1965,Jan,24.86,29.35,20.43,266.46
1965,Feb,25.31,29.93,20.75,255.98
1965,Mar,25.35,29.82,20.93,295.27
1965,Apr,25.38,30.03,20.77,218.08
1965,May,25.54,30.08,21.04,254.11
1965,Jun,25.25,29.96,20.59,158.72
1965,Jul,24.72,29.49,20.0,94.08
1965,Aug,24.84,29.79,19.94,126.54
1965,Sep,25.26,30.3,20.27,111.79
1965,Oct,25.76,30.84,20.73,163.69
1965,Nov,26.11,30.96,21.32,189.65
1965,Dec,25.7,30.29,21.17,273.4
1966,Jan,25.49,29.99,21.03,296.57
1966,Feb,25.6,30.12,21.12,278.68
1966,Mar,25.71,30.26,21.22,344.54
1966,Apr,26.05,30.71,21.45,248.72
1966,May,25.89,30.49,21.35,194.24
1966,Jun,25.26,29.92,20.65,163.3
1966,Jul,24.8,29.5,20.15,124.89
1966,Aug,25.07,29.75,20.43,190.89
1966,Sep,25.6,30.5,20.75,140.39
1966,Oct,25.67,30.49,20.89,240.3
1966,Nov,25.77,30.5,21.09,258.71
1966,Dec,25.49,30.03,20.99,289.09
1967,Jan,25.26,29.65,20.93,316.97
1967,Feb,25.2,29.65,20.8,252.27
1967,Mar,25.41,29.92,20.95,229.45
1967,Apr,25.52,30.21,20.87,242.23
1967,May,25.57,30.22,20.97,215.3
1967,Jun,25.2,29.92,20.53,166.56
1967,Jul,24.8,29.53,20.11,138.72
1967,Aug,25.11,29.99,20.28,132.18
1967,Sep,25.26,30.28,20.29,118.64
1967,Oct,25.67,30.67,20.72,157.55
1967,Nov,25.74,30.46,21.06,233.38
1967,Dec,25.46,29.89,21.08,293.63
1968,Jan,25.22,29.68,20.82,306.42
1968,Feb,25.07,29.71,20.48,202.38
1968,Mar,25.56,30.16,21.02,304.91
1968,Apr,25.62,30.35,20.94,235.29
1968,May,25.66,30.3,21.06,263.29
1968,Jun,25.46,30.1,20.88,186.7
1968,Jul,25.0,29.57,20.47,233.12
1968,Aug,25.0,29.71,20.33,188.32
1968,Sep,25.42,30.36,20.54,153.95
1968,Oct,25.62,30.55,20.75,215.53
1968,Nov,25.73,30.55,20.96,230.74
1968,Dec,25.59,30.1,21.13,324.99
1969,Jan,25.63,30.3,21.02,248.84
1969,Feb,25.7,30.32,21.12,249.3
1969,Mar,25.99,30.62,21.42,274.75
1969,Apr,26.1,30.76,21.48,268.6
1969,May,26.04,30.64,21.5,222.55
1969,Jun,25.48,30.04,20.98,181.76
1969,Jul,25.09,29.7,20.53,158.83
1969,Aug,25.06,29.9,20.27,172.86
1969,Sep,25.42,30.34,20.56,155.23
1969,Oct,25.78,30.78,20.84,207.61
1969,Nov,25.86,30.56,21.21,236.82
1969,Dec,25.55,29.98,21.17,289.67
1970,Jan,25.67,30.16,21.23,289.73
1970,Feb,25.72,30.39,21.12,254.66
1970,Mar,25.96,30.65,21.32,299.01
1970,Apr,25.99,30.53,21.5,294.06
1970,May,25.86,30.44,21.34,261.35
1970,Jun,25.52,30.1,21.0,204.5
1970,Jul,24.94,29.58,20.35,183.54
1970,Aug,25.03,29.91,20.21,163.01
1970,Sep,25.37,30.24,20.55,214.41
1970,Oct,25.81,30.71,20.95,239.37
1970,Nov,25.72,30.43,21.05,270.23
1970,Dec,25.45,29.95,21.0,305.16
1971,Jan,25.11,29.49,20.78,308.79
1971,Feb,25.12,29.55,20.74,253.2
1971,Mar,25.4,29.94,20.91,256.9
1971,Apr,25.81,30.47,21.2,202.26
1971,May,25.77,30.5,21.09,226.96
1971,Jun,25.22,29.91,20.58,214.9
1971,Jul,24.91,29.63,20.24,163.56
1971,Aug,24.89,29.68,20.14,231.34
1971,Sep,25.55,30.5,20.66,242.6
1971,Oct,25.62,30.56,20.72,255.33
1971,Nov,25.37,30.14,20.66,270.89
1971,Dec,25.46,29.96,21.02,288.01
1972,Jan,25.02,29.58,20.5,239.98
1972,Feb,25.51,30.19,20.89,240.23
1972,Mar,25.36,30.0,20.77,269.42
1972,Apr,25.67,30.45,20.94,259.49
1972,May,25.8,30.54,21.1,214.95
1972,Jun,25.4,30.13,20.72,130.07
1972,Jul,25.33,30.33,20.38,90.31
1972,Aug,25.25,30.32,20.23,113.64
1972,Sep,25.43,30.45,20.45,110.36
1972,Oct,25.96,31.19,20.78,123.67
1972,Nov,26.23,31.15,21.36,186.59
1972,Dec,26.23,30.85,21.67,269.48
1973,Jan,25.89,30.42,21.41,266.37
1973,Feb,26.08,30.66,21.55,223.72
1973,Mar,25.95,30.4,21.55,319.53
1973,Apr,26.22,30.78,21.72,324.08
1973,May,25.85,30.51,21.23,286.04
1973,Jun,25.85,30.43,21.32,214.36
1973,Jul,25.39,30.12,20.72,162.92
1973,Aug,25.42,30.28,20.61,218.1
1973,Sep,25.49,30.31,20.73,284.51
1973,Oct,25.94,31.01,20.93,223.42
1973,Nov,25.66,30.5,20.87,248.54
1973,Dec,25.39,29.92,20.91,323.46
1974,Jan,25.04,29.59,20.54,191.92
1974,Feb,25.12,29.62,20.67,291.84
1974,Mar,25.39,30.14,20.69,233.82
1974,Apr,25.86,30.7,21.07,267.96
1974,May,25.68,30.38,21.03,206.17
1974,Jun,25.22,29.97,20.51,174.45
1974,Jul,24.82,29.63,20.07,198.36
1974,Aug,25.29,30.25,20.38,153.9
1974,Sep,25.51,30.46,20.62,262.91
1974,Oct,25.79,30.8,20.84,228.32
1974,Nov,25.72,30.52,20.96,266.76
1974,Dec,25.53,30.14,20.97,259.87
1975,Jan,25.46,30.17,20.8,260.06
1975,Feb,25.31,29.89,20.77,269.59
1975,Mar,25.39,30.03,20.8,284.41
1975,Apr,25.89,30.63,21.2,270.53
1975,May,25.69,30.48,20.95,240.67
1975,Jun,25.28,29.99,20.62,183.1
1975,Jul,25.03,29.85,20.25,212.16
1975,Aug,25.35,30.35,20.41,206.54
1975,Sep,25.38,30.27,20.54,243.06
1975,Oct,25.61,30.7,20.57,298.76
1975,Nov,25.49,30.34,20.7,274.88
1975,Dec,25.39,29.95,20.87,294.2
1976,Jan,24.75,29.22,20.33,252.48
1976,Feb,25.04,29.86,20.27,208.66
1976,Mar,25.29,29.93,20.7,284.33
1976,Apr,25.5,30.36,20.69,238.49
1976,May,25.7,30.5,20.95,194.34
1976,Jun,25.01,29.86,20.2,158.05
1976,Jul,24.83,29.73,19.99,144.04
1976,Aug,24.9,29.91,19.94,140.95
1976,Sep,25.29,30.45,20.18,117.49
1976,Oct,25.6,30.61,20.63,234.14
1976,Nov,25.61,30.48,20.79,294.08
1976,Dec,25.63,30.33,20.99,262.62
1977,Jan,25.34,29.88,20.85,266.14
1977,Feb,24.95,29.42,20.54,327.47
1977,Mar,25.34,29.79,20.94,259.21
1977,Apr,25.9,30.6,21.24,286.17
1977,May,25.71,30.46,21.01,217.16
1977,Jun,25.06,29.78,20.39,196.62
1977,Jul,24.92,29.73,20.17,157.45
1977,Aug,24.81,29.69,19.98,188.49
1977,Sep,25.43,30.45,20.46,130.84
1977,Oct,25.84,30.9,20.82,181.97
1977,Nov,25.76,30.68,20.87,229.21
1977,Dec,25.71,30.3,21.17,288.91
1978,Jan,25.41,29.91,20.95,276.88
1978,Feb,25.52,30.13,20.96,224.07
1978,Mar,25.68,30.21,21.2,324.71
1978,Apr,25.84,30.54,21.2,245.62
1978,May,25.97,30.54,21.45,239.17
1978,Jun,25.39,29.99,20.85,204.16
1978,Jul,25.04,29.66,20.47,212.2
1978,Aug,25.21,30.04,20.42,196.63
1978,Sep,25.26,30.12,20.44,230.47
1978,Oct,25.67,30.68,20.7,221.5
1978,Nov,25.48,30.36,20.66,241.63
1978,Dec,25.45,29.98,20.96,316.96
1979,Jan,25.5,30.14,20.9,230.15
1979,Feb,25.76,30.52,21.05,232.09
1979,Mar,25.67,30.35,21.04,256.56
1979,Apr,25.83,30.49,21.21,260.55
1979,May,25.94,30.69,21.24,244.0
1979,Jun,25.46,30.02,20.95,220.25
1979,Jul,25.06,29.78,20.39,161.06
1979,Aug,25.37,30.31,20.47,125.54
1979,Sep,25.42,30.27,20.63,176.85
1979,Oct,25.92,31.01,20.87,186.51
1979,Nov,25.78,30.55,21.07,279.04
1979,Dec,25.48,30.1,20.92,267.79
1980,Jan,25.47,29.98,21.02,264.16
1980,Feb,25.4,30.07,20.78,244.4
1980,Mar,25.64,30.35,20.97,244.39
1980,Apr,25.96,30.49,21.48,299.12
1980,May,26.1,30.8,21.46,243.16
1980,Jun,25.58,30.22,20.99,184.35
1980,Jul,25.35,30.12,20.62,152.75
1980,Aug,25.0,29.79,20.26,190.22
1980,Sep,25.57,30.62,20.57,139.51
1980,Oct,25.91,30.91,20.95,197.24
1980,Nov,25.82,30.65,21.04,255.26
1980,Dec,25.42,29.99,20.89,299.18
1981,Jan,25.16,29.63,20.74,258.74
1981,Feb,25.33,29.92,20.78,239.16
1981,Mar,25.74,30.33,21.19,266.33
1981,Apr,25.87,30.45,21.34,305.75
1981,May,26.06,30.61,21.55,278.84
1981,Jun,25.77,30.5,21.08,194.23
1981,Jul,25.43,30.08,20.83,228.14
1981,Aug,25.82,30.93,20.75,96.44
1981,Sep,25.55,30.35,20.8,230.47
1981,Oct,25.91,30.91,20.96,200.44
1981,Nov,25.95,30.74,21.2,263.42
1981,Dec,25.54,30.06,21.08,302.84
1982,Jan,25.33,29.79,20.91,274.61
1982,Feb,25.6,30.2,21.05,246.28
1982,Mar,25.69,30.3,21.13,267.53
1982,Apr,25.85,30.51,21.25,282.59
1982,May,25.83,30.48,21.23,208.97
1982,Jun,25.52,30.28,20.8,144.27
1982,Jul,25.12,30.07,20.21,104.01
1982,Aug,25.06,30.17,20.0,91.89
1982,Sep,25.45,30.67,20.27,97.68
1982,Oct,25.66,30.95,20.42,132.87
1982,Nov,26.11,31.16,21.11,169.86
1982,Dec,26.11,30.84,21.43,261.07
1983,Jan,25.74,30.25,21.28,265.67
1983,Feb,26.17,30.92,21.46,212.51
1983,Mar,26.34,31.06,21.67,236.29
1983,Apr,26.47,31.15,21.84,243.28
1983,May,26.01,30.56,21.52,282.38
1983,Jun,25.83,30.41,21.29,184.22
1983,Jul,25.25,29.92,20.64,179.5
1983,Aug,25.35,30.19,20.57,162.65
1983,Sep,25.53,30.43,20.68,166.42
1983,Oct,25.95,30.93,21.02,240.88
1983,Nov,25.71,30.42,21.04,267.41
1983,Dec,25.45,29.93,21.03,281.7
1984,Jan,25.12,29.6,20.69,305.9
1984,Feb,25.03,29.46,20.65,305.21
1984,Mar,25.43,29.97,20.95,313.29
1984,Apr,25.64,30.18,21.14,298.83
1984,May,25.59,30.07,21.15,299.48
1984,Jun,25.24,29.82,20.71,180.2
1984,Jul,24.87,29.45,20.34,226.15
1984,Aug,25.26,30.07,20.5,165.34
1984,Sep,25.05,29.87,20.28,227.19
1984,Oct,25.55,30.53,20.63,200.48
1984,Nov,25.6,30.41,20.84,229.11
1984,Dec,25.49,30.0,21.03,291.15
1985,Jan,25.55,30.12,21.03,250.78
1985,Feb,25.75,30.33,21.22,250.38
1985,Mar,25.7,30.23,21.22,275.89
1985,Apr,25.81,30.38,21.29,268.92
1985,May,25.93,30.51,21.41,249.52
1985,Jun,25.51,30.23,20.83,192.57
1985,Jul,24.78,29.5,20.1,184.47
1985,Aug,25.2,30.0,20.46,161.58
1985,Sep,25.29,30.17,20.46,195.41
1985,Oct,25.65,30.62,20.74,231.97
1985,Nov,25.83,30.58,21.14,257.85
1985,Dec,25.68,30.23,21.17,286.23
1986,Jan,25.25,29.5,21.05,314.12
1986,Feb,25.57,30.24,20.95,222.76
1986,Mar,25.64,30.07,21.26,337.22
1986,Apr,25.92,30.41,21.47,301.55
1986,May,26.08,30.83,21.38,186.88
1986,Jun,25.71,30.19,21.27,202.72
1986,Jul,25.37,30.08,20.71,183.15
1986,Aug,25.44,30.34,20.58,155.79
1986,Sep,25.58,30.43,20.78,187.65
1986,Oct,25.77,30.62,20.97,229.15
1986,Nov,25.67,30.41,20.98,254.4
1986,Dec,25.84,30.38,21.35,236.6
1987,Jan,25.41,29.7,21.17,304.15
1987,Feb,25.55,30.14,21.0,204.32
1987,Mar,26.06,30.69,21.48,264.4
1987,Apr,26.22,30.73,21.76,243.74
1987,May,26.15,30.72,21.64,218.05
1987,Jun,26.1,30.69,21.57,150.74
1987,Jul,25.58,30.31,20.9,137.7
1987,Aug,25.42,30.17,20.73,165.89
1987,Sep,25.76,30.65,20.93,139.94
1987,Oct,26.1,31.02,21.23,157.21
1987,Nov,26.31,31.08,21.6,229.51
1987,Dec,25.87,30.26,21.54,296.83
1988,Jan,25.92,30.3,21.58,310.28
1988,Feb,25.89,30.38,21.45,254.64
1988,Mar,26.16,30.57,21.82,335.27
1988,Apr,26.23,30.78,21.73,228.02
1988,May,26.22,30.71,21.78,238.82
1988,Jun,25.63,30.27,21.05,183.08
1988,Jul,25.25,29.79,20.76,174.58
1988,Aug,25.34,29.88,20.85,236.01
1988,Sep,25.54,30.22,20.91,207.14
1988,Oct,26.01,30.89,21.19,233.9
1988,Nov,25.77,30.31,21.28,271.41
1988,Dec,25.31,29.7,20.96,277.9
1989,Jan,25.66,30.05,21.32,303.75
1989,Feb,25.35,29.78,20.98,259.56
1989,Mar,25.46,29.99,20.97,270.71
1989,Apr,25.86,30.42,21.34,250.71
1989,May,25.86,30.36,21.42,261.16
1989,Jun,25.4,29.96,20.89,186.05
1989,Jul,25.42,29.98,20.9,205.42
1989,Aug,25.33,30.02,20.7,195.01
1989,Sep,25.55,30.36,20.79,199.31
1989,Oct,25.81,30.63,21.05,233.44
1989,Nov,25.9,30.59,21.27,237.17
1989,Dec,25.87,30.26,21.52,275.45
1990,Jan,25.46,29.82,21.16,328.79
1990,Feb,25.86,30.39,21.39,246.64
1990,Mar,26.09,30.66,21.56,231.72
1990,Apr,26.4,31.01,21.84,245.19
1990,May,26.12,30.72,21.57,206.91
1990,Jun,25.77,30.41,21.19,178.4
1990,Jul,25.3,30.02,20.62,182.71
1990,Aug,25.49,30.4,20.62,148.94
1990,Sep,25.58,30.51,20.71,152.07
1990,Oct,26.07,31.04,21.14,209.52
1990,Nov,26.22,30.99,21.5,190.19
1990,Dec,25.91,30.41,21.45,289.01
1991,Jan,25.68,30.07,21.34,286.8
1991,Feb,25.68,30.19,21.21,229.12
1991,Mar,26.01,30.58,21.48,290.94
1991,Apr,26.2,30.79,21.66,285.68
1991,May,25.96,30.49,21.48,204.02
1991,Jun,26.04,30.66,21.48,127.84
1991,Jul,25.42,30.12,20.77,132.03
1991,Aug,25.43,30.31,20.61,120.57
1991,Sep,25.69,30.57,20.86,110.28
1991,Oct,25.84,30.82,20.9,143.96
1991,Nov,25.76,30.51,21.05,237.51
1991,Dec,25.76,30.18,21.4,302.36
1992,Jan,25.67,30.09,21.31,244.98
1992,Feb,25.83,30.39,21.31,236.29
1992,Mar,26.24,30.77,21.75,256.16
1992,Apr,26.19,30.84,21.6,282.12
1992,May,26.05,30.55,21.6,235.78
1992,Jun,25.87,30.33,21.45,154.94
1992,Jul,25.2,29.84,20.62,170.45
1992,Aug,25.62,30.48,20.81,164.03
1992,Sep,25.73,30.69,20.82,177.24
1992,Oct,25.78,30.64,20.97,233.71
1992,Nov,25.7,30.43,21.02,223.58
1992,Dec,25.61,30.0,21.28,299.84
1993,Jan,25.55,29.91,21.25,272.23
1993,Feb,25.6,30.11,21.14,203.92
1993,Mar,25.73,30.24,21.27,267.9
1993,Apr,25.97,30.52,21.47,278.3
1993,May,25.96,30.43,21.54,247.87
1993,Jun,25.83,30.4,21.31,173.76
1993,Jul,25.4,30.04,20.81,155.04
1993,Aug,25.51,30.36,20.71,138.84
1993,Sep,25.48,30.27,20.73,138.56
1993,Oct,25.92,30.76,21.12,183.35
1993,Nov,26.12,30.82,21.47,239.91
1993,Dec,25.95,30.37,21.58,283.64
1994,Jan,25.86,30.14,21.62,280.86
1994,Feb,25.86,30.4,21.37,248.97
1994,Mar,25.61,29.95,21.33,353.5
1994,Apr,26.05,30.59,21.56,275.38
1994,May,25.97,30.36,21.62,210.92
1994,Jun,25.62,30.15,21.14,171.91
1994,Jul,25.38,30.16,20.66,101.5
1994,Aug,25.32,30.06,20.61,147.08
1994,Sep,25.71,30.56,20.91,98.68
1994,Oct,25.92,30.8,21.08,156.79
1994,Nov,26.1,30.78,21.47,214.11
1994,Dec,26.04,30.52,21.61,285.47
1995,Jan,25.74,30.02,21.5,319.94
1995,Feb,25.66,30.08,21.3,302.33
1995,Mar,25.83,30.22,21.48,305.07
1995,Apr,26.18,30.66,21.76,289.38
1995,May,26.17,30.63,21.77,210.51
1995,Jun,25.94,30.48,21.45,187.13
1995,Jul,25.47,30.07,20.91,174.85
1995,Aug,25.37,29.96,20.83,180.1
1995,Sep,25.76,30.59,20.98,177.22
1995,Oct,26.09,31.01,21.21,216.55
1995,Nov,25.96,30.63,21.33,282.46
1995,Dec,25.69,30.11,21.32,291.29
1996,Jan,25.44,29.74,21.19,266.37
1996,Feb,25.51,29.81,21.25,292.71
1996,Mar,25.96,30.4,21.58,243.26
1996,Apr,26.12,30.54,21.74,277.7
1996,May,26.13,30.71,21.59,200.17
1996,Jun,25.78,30.2,21.41,178.83
1996,Jul,25.66,30.36,21.02,147.32
1996,Aug,25.47,30.18,20.81,214.96
1996,Sep,25.97,30.83,21.16,183.55
1996,Oct,25.95,30.8,21.14,279.66
1996,Nov,26.11,30.89,21.39,257.35
1996,Dec,25.79,30.25,21.38,294.37
1997,Jan,25.58,30.05,21.16,233.84
1997,Feb,25.66,30.18,21.19,263.99
1997,Mar,26.13,30.67,21.64,243.84
1997,Apr,26.06,30.58,21.59,248.25
1997,May,26.08,30.65,21.56,201.6
1997,Jun,26.02,30.69,21.4,118.32
1997,Jul,25.46,30.07,20.89,146.56
1997,Aug,25.72,30.54,20.96,109.0
1997,Sep,25.76,30.52,21.04,113.0
1997,Oct,26.11,30.98,21.29,143.26
1997,Nov,26.24,30.93,21.59,192.27
1997,Dec,26.33,30.81,21.91,261.05
1998,Jan,26.18,30.59,21.82,232.62
1998,Feb,26.44,30.94,21.99,218.1
1998,Mar,26.55,31.04,22.12,266.58
1998,Apr,26.59,31.19,22.04,244.75
1998,May,26.67,31.18,22.2,236.1
1998,Jun,26.0,30.48,21.56,214.69
1998,Jul,25.63,30.2,21.1,207.71
1998,Aug,25.53,30.19,20.93,226.29
1998,Sep,26.06,30.87,21.3,217.09
1998,Oct,26.31,31.17,21.5,254.44
1998,Nov,26.31,31.06,21.62,273.21
1998,Dec,25.91,30.36,21.5,286.1
1999,Jan,25.71,30.06,21.42,316.64
1999,Feb,25.71,30.14,21.33,276.22
1999,Mar,25.94,30.39,21.54,296.55
1999,Apr,26.23,30.84,21.66,263.42
1999,May,25.75,30.21,21.33,225.09
1999,Jun,25.78,30.37,21.24,185.07
1999,Jul,25.34,30.03,20.7,189.0
1999,Aug,25.42,30.2,20.68,166.25
1999,Sep,25.8,30.69,20.96,169.83
1999,Oct,25.86,30.72,21.06,269.4
1999,Nov,26.07,30.87,21.33,266.32
1999,Dec,25.67,30.09,21.3,292.31
2000,Jan,25.6,29.96,21.3,302.68
2000,Feb,25.63,30.09,21.21,254.73
2000,Mar,25.93,30.46,21.46,289.32
2000,Apr,26.01,30.59,21.49,277.43
2000,May,26.22,30.83,21.66,226.03
2000,Jun,25.45,29.86,21.1,219.54
2000,Jul,25.64,30.32,21.0,173.91
2000,Aug,25.47,30.26,20.72,179.47
2000,Sep,25.85,30.69,21.06,173.92
2000,Oct,26.11,30.96,21.32,253.0
2000,Nov,26.17,30.81,21.59,306.62
2000,Dec,26.09,30.61,21.62,278.44
2001,Jan,25.57,29.94,21.25,333.08
2001,Feb,25.77,30.2,21.39,257.36
2001,Mar,25.89,30.44,21.39,308.46
2001,Apr,26.16,30.64,21.73,296.3
2001,May,26.23,30.77,21.74,181.37
2001,Jun,25.74,30.31,21.21,193.97
2001,Jul,25.74,30.48,21.05,141.34
2001,Aug,25.77,30.46,21.14,142.89
2001,Sep,25.85,30.59,21.17,190.34
2001,Oct,26.1,30.94,21.31,281.12
2001,Nov,26.12,30.77,21.52,266.43
2001,Dec,25.95,30.46,21.49,284.36
2002,Jan,25.82,30.22,21.47,290.79
2002,Feb,25.82,30.32,21.38,227.25
2002,Mar,26.15,30.73,21.62,285.06
2002,Apr,26.35,30.9,21.85,260.32
2002,May,26.49,31.09,21.94,203.28
2002,Jun,25.89,30.54,21.3,172.07
2002,Jul,25.8,30.51,21.15,152.44
2002,Aug,25.58,30.42,20.8,137.32
2002,Sep,25.76,30.65,20.92,156.89
2002,Oct,26.18,31.18,21.24,157.92
2002,Nov,26.29,31.03,21.61,252.19
2002,Dec,26.32,30.84,21.85,301.08
2003,Jan,25.78,30.26,21.34,299.59
2003,Feb,25.93,30.34,21.57,285.96
2003,Mar,25.9,30.48,21.38,307.58
2003,Apr,26.21,30.73,21.75,288.21
2003,May,26.49,31.11,21.92,203.54
2003,Jun,25.88,30.6,21.2,156.37
2003,Jul,25.33,29.94,20.76,160.2
2003,Aug,25.5,30.28,20.77,183.65
2003,Sep,25.68,30.51,20.91,179.41
2003,Oct,25.98,30.82,21.19,256.81
2003,Nov,26.22,30.91,21.58,254.87
2003,Dec,25.87,30.21,21.58,313.85
2004,Jan,25.98,30.36,21.64,307.04
2004,Feb,25.96,30.45,21.52,240.64
2004,Mar,26.21,30.76,21.72,295.74
2004,Apr,26.58,31.19,22.02,248.16
2004,May,26.22,30.85,21.64,229.9
2004,Jun,25.81,30.56,21.11,142.13
2004,Jul,25.33,29.88,20.82,176.7
2004,Aug,25.68,30.55,20.86,104.68
2004,Sep,25.42,30.16,20.73,165.46
2004,Oct,25.96,30.86,21.12,179.23
2004,Nov,26.0,30.71,21.33,250.17
2004,Dec,25.84,30.23,21.49,298.93
2005,Jan,25.82,30.31,21.39,265.54
2005,Feb,26.26,30.79,21.77,223.98
2005,Mar,26.22,30.73,21.76,282.06
2005,Apr,26.31,30.88,21.78,264.24
2005,May,26.03,30.53,21.58,232.96
2005,Jun,25.82,30.35,21.33,169.1
2005,Jul,25.6,30.13,21.13,172.37
2005,Aug,25.76,30.45,21.12,157.94
2005,Sep,25.87,30.67,21.11,157.37
2005,Oct,25.96,30.73,21.23,254.87
2005,Nov,25.96,30.59,21.38,262.73
2005,Dec,25.64,30.02,21.31,300.12
2006,Jan,25.61,30.05,21.22,286.34
2006,Feb,25.82,30.29,21.41,299.64
2006,Mar,26.09,30.69,21.55,309.36
2006,Apr,26.02,30.49,21.6,286.21
2006,May,25.9,30.48,21.36,221.61
2006,Jun,25.38,29.95,20.87,216.59
2006,Jul,25.51,30.1,20.98,131.32
2006,Aug,25.69,30.41,21.02,134.49
2006,Sep,25.46,30.22,20.75,145.31
2006,Oct,26.07,30.95,21.24,132.61
2006,Nov,26.12,30.95,21.35,182.07
2006,Dec,26.14,30.56,21.78,306.06
2007,Jan,25.71,29.96,21.51,294.46
2007,Feb,25.83,30.3,21.41,273.8
2007,Mar,25.99,30.46,21.57,285.02
2007,Apr,26.17,30.55,21.84,300.7
2007,May,26.19,30.67,21.76,254.21
2007,Jun,25.81,30.16,21.51,220.49
2007,Jul,25.47,30.04,20.95,196.82
2007,Aug,25.46,30.17,20.8,164.43
2007,Sep,25.6,30.35,20.89,153.5
2007,Oct,26.15,30.92,21.43,196.43
2007,Nov,25.87,30.42,21.36,228.18
2007,Dec,25.81,30.12,21.55,301.05
2008,Jan,25.8,30.3,21.37,248.16
2008,Feb,25.38,29.7,21.11,266.51
2008,Mar,25.5,29.88,21.17,321.08
2008,Apr,25.81,30.3,21.38,296.81
2008,May,25.98,30.51,21.51,197.53
2008,Jun,25.56,30.05,21.12,222.37
2008,Jul,25.12,29.62,20.68,187.82
2008,Aug,25.45,30.02,20.93,214.81
2008,Sep,25.71,30.61,20.86,186.87
2008,Oct,26.13,30.86,21.44,254.03
2008,Nov,26.1,30.68,21.57,294.45
2008,Dec,25.99,30.27,21.75,322.32
2009,Jan,25.55,29.75,21.41,307.88
2009,Feb,25.58,29.94,21.26,263.75
2009,Mar,25.74,30.25,21.27,333.7
2009,Apr,26.4,30.89,21.96,276.8
2009,May,26.15,30.66,21.69,210.06
2009,Jun,25.98,30.57,21.44,158.01
2009,Jul,25.67,30.22,21.17,155.05
2009,Aug,25.67,30.39,20.99,165.27
2009,Sep,26.18,30.92,21.49,148.37
2009,Oct,26.29,31.07,21.56,200.03
2009,Nov,26.4,30.99,21.85,252.98
2009,Dec,26.17,30.5,21.88,303.59
2010,Jan,25.86,30.16,21.61,291.03
2010,Feb,26.31,30.74,21.93,234.8
2010,Mar,26.31,30.78,21.89,329.9
2010,Apr,26.47,30.88,22.11,311.54
2010,May,26.52,30.94,22.15,294.01
2010,Jun,26.09,30.44,21.79,246.39
2010,Jul,25.54,29.87,21.26,222.65
2010,Aug,25.74,30.27,21.26,235.89
2010,Sep,25.9,30.45,21.4,300.65
2010,Oct,26.16,30.94,21.43,256.63
2010,Nov,26.2,30.87,21.58,288.09
2010,Dec,25.88,30.21,21.6,277.79
2011,Jan,25.63,29.89,21.41,294.81
2011,Feb,25.75,30.19,21.36,254.11
2011,Mar,25.95,30.27,21.68,303.24
2011,Apr,26.16,30.48,21.9,292.71
2011,May,25.96,30.47,21.5,245.08
2011,Jun,25.74,30.16,21.38,208.51
2011,Jul,25.58,30.05,21.15,160.26
2011,Aug,25.52,30.24,20.84,153.11
2011,Sep,25.75,30.43,21.11,157.56
2011,Oct,26.07,30.83,21.35,240.84
2011,Nov,26.24,30.83,21.7,271.15
2011,Dec,26.22,30.55,21.93,327.6
2012,Jan,25.88,30.28,21.54,276.1
2012,Feb,26.09,30.53,21.7,281.84
2012,Mar,25.97,30.39,21.6,332.41
2012,Apr,26.2,30.63,21.82,282.31
2012,May,26.25,30.75,21.8,258.17
2012,Jun,25.97,30.58,21.4,165.02
2012,Jul,25.33,29.78,20.92,164.07
2012,Aug,25.54,30.18,20.96,158.59
2012,Sep,25.93,30.66,21.25,165.82
2012,Oct,26.3,31.16,21.49,207.29
2012,Nov,26.26,30.84,21.73,284.63
2012,Dec,26.21,30.53,21.94,290.62
2013,Jan,26.05,30.35,21.8,284.18
2013,Feb,26.0,30.32,21.74,307.66
2013,Mar,26.41,30.9,21.96,274.08
2013,Apr,26.29,30.69,21.93,271.03
2013,May,26.29,30.79,21.83,254.39
2013,Jun,26.18,30.78,21.64,179.68
2013,Jul,25.55,30.08,21.07,176.88
2013,Aug,25.69,30.42,21.01,172.6
2013,Sep,25.73,30.5,21.0,177.77
2013,Oct,26.24,31.05,21.49,198.4
2013,Nov,26.11,30.81,21.46,280.02
2013,Dec,26.1,30.32,21.92,331.44
2014,Jan,25.42,29.63,21.26,272.82
2014,Feb,25.77,30.35,21.23,173.98
2014,Mar,26.18,30.69,21.72,227.66
2014,Apr,26.55,30.98,22.17,283.23
2014,May,26.24,30.65,21.88,220.75
2014,Jun,26.3,30.81,21.85,188.07
2014,Jul,25.65,30.31,21.04,161.47
2014,Aug,25.44,30.03,20.91,185.47
2014,Sep,25.97,30.87,21.11,158.3
2014,Oct,26.32,31.13,21.55,157.51
2014,Nov,26.45,31.17,21.79,239.88
2014,Dec,26.17,30.54,21.86,332.17
2015,Jan,25.66,29.96,21.42,284.28
2015,Feb,25.86,30.34,21.42,260.0
2015,Mar,26.08,30.55,21.65,257.77
2015,Apr,26.5,30.91,22.14,274.37
2015,May,26.36,30.82,21.96,201.54
2015,Jun,26.1,30.62,21.63,189.77
2015,Jul,25.83,30.43,21.28,126.0
2015,Aug,25.68,30.42,20.99,127.51
2015,Sep,26.07,30.83,21.37,105.3
2015,Oct,26.5,31.32,21.73,133.76
2015,Nov,26.35,31.02,21.72,234.74
2015,Dec,26.41,30.78,22.09,287.15
2016,Jan,26.14,30.54,21.79,255.41
2016,Feb,26.29,30.6,22.03,289.54
2016,Mar,26.51,30.88,22.19,285.03
2016,Apr,26.76,31.2,22.37,260.43
2016,May,26.47,30.95,22.03,249.11
2016,Jun,25.89,30.38,21.45,201.86
2016,Jul,25.65,30.09,21.26,198.48
2016,Aug,26.04,30.68,21.45,176.99
2016,Sep,26.12,30.77,21.51,224.87
2016,Oct,26.32,30.98,21.7,234.82
2016,Nov,26.24,30.73,21.8,275.23
2016,Dec,26.29,30.74,21.9,295.74
2017,Jan,26.09,30.49,21.73,297.03
2017,Feb,26.05,30.47,21.68,268.55
2017,Mar,26.0,30.35,21.7,291.13
2017,Apr,26.23,30.53,21.99,293.17
2017,May,26.2,30.59,21.87,255.25
2017,Jun,25.78,30.32,21.28,190.03
2017,Jul,25.77,30.37,21.23,188.91
2017,Aug,25.66,30.47,20.91,185.4
2017,Sep,25.84,30.56,21.17,195.74
2017,Oct,26.41,31.14,21.73,232.65
2017,Nov,26.15,30.85,21.5,320.87
2017,Dec,26.2,30.73,21.73,298.46
2018,Jan,25.74,30.12,21.4,276.44
2018,Feb,25.82,30.35,21.35,264.34
2018,Mar,26.25,30.83,21.73,306.73
2018,Apr,26.43,31.17,21.74,266.2
2018,May,26.1,30.7,21.55,245.44
2018,Jun,25.78,30.35,21.27,191.11
2018,Jul,25.82,30.46,21.23,191.39
2018,Aug,25.92,30.7,21.19,141.44
2018,Sep,25.75,30.51,21.03,141.0
2018,Oct,26.18,30.94,21.46,203.03
2018,Nov,26.31,30.91,21.75,283.85
2018,Dec,26.34,30.96,21.77,312.98
2019,Jan,26.25,30.64,21.91,269.13
2019,Feb,26.19,30.76,21.67,240.54
2019,Mar,26.43,30.9,22.01,283.92
2019,Apr,26.66,31.0,22.38,265.69
2019,May,26.54,31.01,22.11,210.61
2019,Jun,25.96,30.67,21.3,228.49
2019,Jul,25.6,30.44,20.81,141.49
2019,Aug,25.89,30.59,21.24,110.85
2019,Sep,25.96,30.72,21.25,112.97
2019,Oct,26.23,31.06,21.45,189.66
2019,Nov,26.44,31.11,21.82,174.64
2019,Dec,26.23,30.72,21.8,284.99
2020,Jan,26.38,31.09,21.72,257.15
2020,Feb,26.35,30.89,21.87,250.76
2020,Mar,26.47,30.91,22.08,284.09
2020,Apr,26.56,31.08,22.1,317.46
2020,May,26.59,30.98,22.24,249.95
2020,Jun,25.83,30.29,21.43,214.01
2020,Jul,25.65,30.34,21.01,213.7
2020,Aug,25.95,30.57,21.38,164.01
2020,Sep,25.87,30.59,21.2,218.6
2020,Oct,26.29,31.11,21.52,248.04
2020,Nov,26.26,30.97,21.59,307.58
2020,Dec,26.01,30.4,21.68,274.47
2021,Jan,25.51,30.19,20.89,317.76
2021,Feb,25.89,30.3,21.52,247.28
2021,Mar,25.99,30.66,21.38,314.94
2021,Apr,26.19,30.79,21.64,250.79
2021,May,26.18,30.73,21.68,249.75
2021,Jun,25.95,30.49,21.46,207.73
2021,Jul,25.81,30.42,21.25,177.41
2021,Aug,25.57,30.22,20.97,230.5
2021,Sep,25.95,30.62,21.33,241.36
2021,Oct,26.6,31.35,21.89,235.04
2021,Nov,26.14,30.77,21.56,305.74
2021,Dec,26.09,30.55,21.69,309.41
